address,amount
0x00000000000cd56832ce5dfbcbff02e7ec639bc9,681260071737086705664 
0x000000000057e8abd581828a2b40076852c0ba6e,1871527773879865442304 
0x00000000005dbcb0d0513fcda746382fe8a53468,16504481997063305822208 
0x000000000095efecae130e474163deedc6990ab5,271833778900496351232 
0x00000000009a41862f3b2b0c688b7c0d1940511e,681260071737086705664 
0x0000000000e189dd664b9ab08a33c4839953852c,1048701140980937261056 
0x0000000000e52081b4531278fcd274e5f3cd86b5,1048701140980937261056 
0x000000000a38444e0a6e37d3b630d7e855a7cb13,17006705024990026137600 
0x000000001d94b2612380854e74c32548d3ce4720,271833778900496351232 
0x000000004fa9e635dbe91c83aee357d01494936d,2018027506882405466112 
0x00000003243ffabd3a3895cf83192aee1b2cde31,271833778900496351232 
0x0000000484f2217f1a64eb6d24b5cee446faeae5,827759804739626467328 
0x000000064730640b7d670408d74280924883064f,7331165119466500521984 
0x000000070f91b6c56fa08d4f3a26c7fc992b38f4,1462101481043275284480 
0x0000000c50489ced5f512c74fb11ba9af3a03e13,271833778900496351232 
0x0000000e8cf6f0d9df0f0199215a03296f374f9b,271833778900496351232 
0x0000000fac3c36158a6e9d42b99998d4f35bd64b,271833778900496351232 
0x00000029ff545c86524ade7caf132527707948c4,681260071737086705664 
0x000000dcf1190af44f7149b85299f18ce7221024,271833778900496351232 
0x000000fe532a821196a4664208ae7b61513b243e,681260071737086705664 
0x000000feee8780d16539eb78ad2f2702e8c3c844,271833778900496351232 
0x000001f568875f378bf6d170b790967fe429c81a,1237186097576216625152 
0x00000583cf2c6aa7488471fbe12ac7f0dfeb1cda,271833778900496351232 
0x000006eee6e39015cb523aebdd4d0b1855aba682,681260071737086705664 
0x000009564500496ae730a7be5076fb1146f1c41c,271833778900496351232 
0x00000a0ec017cd99a2c8dad3b09dba6af7d67e9a,271833778900496351232 
0x00000d7c1c9c2120ebf9200a3fd20564cc798088,271833778900496351232 
0x00000eff292d8cb466e12a33fb83fa5757a67b58,271833778900496351232 
0x00001356889334e21d5d867516d0992a2ebf4f59,271833778900496351232 
0x00001ef108843ab7c937974c54c42360da8f9000,271833778900496351232 
0x00002077a0f1934a4d4825f071041f544c5b25a4,271833778900496351232 
0x00003027356886214320cc52fe3063ec2c2879b6,271833778900496351232 
0x000043e91b8210ffe5ce67df1c67467a011dafa8,271833778900496351232 
0x000044347450a549ff25c44d586cf70b29f707b5,271833778900496351232 
0x000053b222d950711471497d54241c9d90eb955c,271833778900496351232 
0x00006460387d62ffb323449f7c953dd34287d308,271833778900496351232 
0x000068843f5f0d4a2eb1c60b3bf50747c8c69c03,271833778900496351232 
0x00006a965d968dc3989cfce7e536dbbaa422e763,271833778900496351232 
0x000075f0ba17f5f9f509e63f1c2c6d1675410000,271833778900496351232 
0x00007d38d76eae9f9d0d5405765f4082f521d81b,271833778900496351232 
0x000088b4382615a3554b2b6197e83f83ebf96ff7,271833778900496351232 
0x000091892804f655cc1aca5bbe42944dbb972ab1,681260071737086705664 
0x0000a34a41311ae37c802bd9090fdecbba2a2314,271833778900496351232 
0x0000a638a75ac75ddd88ae710e0242e46604c1dd,271833778900496351232 
0x0000c76c40425c8b48ef7d6804cdf2e76bf03c5f,271833778900496351232 
0x0000ce08fa224696a819877070bf378e8b131acf,17006705024990026137600 
0x0000d1364f55eb1029e4c2445db47f817a6d6b85,271833778900496351232 
0x0000d68e01563f6b9990656f68eac82be45ba55e,271833778900496351232 
0x0000ed32bf0786cefd059fdd116814a0fa53f5d6,271833778900496351232 
0x0000fb2b3fd3c8891bab9e3f811da2dafd3d78e1,271833778900496351232 
0x000158e60c393b51fdfac71b14ce70b70148c326,6194600415236132438016 
0x00018e3f4c506b42af88cbff50741eeae5c2b5a2,271833778900496351232 
0x0001b874a65bee9bbe4e3a6b043b6a76f83982b7,271833778900496351232 
0x0001c8202203adb240db94d22ada1e84234d7cc4,271833778900496351232 
0x0001f85d5eecc0a176e6197690baa3e62bde35c5,681260071737086705664 
0x000206732258d7511fa624127228e6a032718e62,271833778900496351232 
0x00029d35cb7ae09d38037355a046791d7b5e1645,1462101481043275284480 
0x00032550944ee9b1a050796fc9074011b2f2c28f,271833778900496351232 
0x0004d2a2f9a823c1a585fde6514a17ff695e0001,271833778900496351232 
0x000570cc3b9ecfb6c53554699880722b7dc0fb25,271833778900496351232 
0x0005c8e9f55a42b5ed64d6931038a1d8c50a3ea4,271833778900496351232 
0x0006e4548aed4502ec8c844567840ce6ef1013f5,271833778900496351232 
0x00080000158a9930aeb508823103b0a977161c47,681260071737086705664 
0x00084121aec4309cb20db622a28c717720e888e0,271833778900496351232 
0x000891bf691e72195c5a2bf7c348c88ef9de1f86,271833778900496351232 
0x0008d343091ef8bd3efa730f6aae5a26a285c7a2,681260071737086705664 
0x00095d4404d5bb9d71b64908c6e5a047ead6e65e,271833778900496351232 
0x000a0b24b1476f647a2a2fa4474f9ed32c685a8e,1458127433817527681024 
0x000aa644afae99d06c9a0ed0e41b1e61beca958d,1604627166820067442688 
0x000b5e83dd32ba4bab4b3d1744a73b36caaac715,271833778900496351232 
0x000b79f52356189c80a9d3ada3911d4438218516,271833778900496351232 
0x000c9d05b64167cc59ad776c2032c736a4d6e8ee,681260071737086705664 
0x000cef8f0ab0a2fadbecaeb92e8781ab3e04b01e,681260071737086705664 
0x000e0ed8a7307e1ed165dcc476b65825da8b72b7,681260071737086705664 
0x000f4432a40560bbff1b581a8b7aded8dab80026,7331165119466500521984 
0x000f7f22bfc28d940d4b68e13213ab17cf107790,681260071737086705664 
0x000f9987b3352802ad6934402da1a215b1ecef13,681260071737086705664 
0x000f9aa9783be4d2955faca0f9a4d3c676fc9e0b,681260071737086705664 
0x00110f2259f449287a60b4ce5335da5ad41f80b4,271833778900496351232 
0x0013c382001df4022fe14814a865cef7fb814e14,271833778900496351232 
0x0013d355ab0b7fee64fcd3a53a9227b023536732,681260071737086705664 
0x0013d7285e41f473458f19697992d018b14e08f4,271833778900496351232 
0x001410235f1f3b2810d9a82b9064a09ae7edcd87,827759804739626467328 
0x0014ea9bbe130c8af7f00c8e61fc07368bdaaf7d,7331165119466500521984 
0x00158490693fa7384c7a010a9563f3bfce47b69f,271833778900496351232 
0x001709b366bb85f0fb2cc4ef18833392ebba5756,271833778900496351232 
0x00173c4cb23e6d876fcb036ba954a2f9cfcafa19,681260071737086705664 
0x00189b281d7249950ecbe735653536c4a1821351,681260071737086705664 
0x0019220ddabe5b8438a6be6ebca31ef01ca69965,271833778900496351232 
0x001a08b8b5c4e41fba84f963feee4a6d15528b3e,271833778900496351232 
0x001aba7087f49a135ffb121a40684416824e9c34,681260071737086705664 
0x001b1e09360cdcc6ed239bea65ad038b19b5a4cc,271833778900496351232 
0x001b4d9dd4d95b021a50c99d09de97c87a1a09c0,827759804739626467328 
0x001be549fa377710b9e59d57bbdf593ce1e379ca,7331165119466500521984 
0x001bf5f51453e74aa44de9ee47f9deb6e896ca29,271833778900496351232 
0x001c07ae43dc7636c2851c80920e5885711929d2,271833778900496351232 
0x001c2113cfc6037e0ea1015a7dc7289de072e7fe,1458127433817527681024 
0x001d6bf1898dd15ba388d97e83f4960fdaef1dc7,271833778900496351232 
0x001e15709c2b2e7fb61d8220ae9b444c1eef2d00,1048701140980937261056 
0x001f96b7e19a54ae45f451b0148336504d03fdcf,1048701140980937261056 